<?xml version="1.0" encoding="UTF-8"?>
<model xmlns="http://www.alfresco.org/model/dictionary/1.0" name="cmdbuild:customModel2">
    <description>Custom Model for CMDBuild</description>
    <author>GallyamovRD</author>
    <imports>
        <import uri="http://www.alfresco.org/model/content/1.0" prefix="cm"/>
        <import uri="http://www.alfresco.org/model/dictionary/1.0" prefix="d"/>
    </imports>
    <namespaces>
        <namespace uri="ru.umpo.cmdbuild.customModel" prefix="cmdbuild"/>
    </namespaces>
    <data-types/>
    <constraints/>
    <types>
		<!-- dummy tests -->
		<type name="cmdbuild:SuperType">
			<title>CMDBuild SuperType</title>
			<parent>cm:content</parent>
		</type>
		<type name="cmdbuild:aType">
			<title>A type</title>
			<parent>cmdbuild:SuperType</parent>
			<mandatory-aspects>
				<aspect>cmdbuild:foo</aspect>
				<aspect>cmdbuild:bar</aspect>
			</mandatory-aspects>
		</type>
		<type name="cmdbuild:anotherType">
			<title>Another type</title>
			<parent>cmdbuild:SuperType</parent>
			<mandatory-aspects>
				<aspect>cmdbuild:baz</aspect>
			</mandatory-aspects>
		</type>

		<!-- more realistic tests -->
		<type name="cmdbuild:Document">
			<title>Document</title>
			<mandatory-aspects>
				<aspect>cmdbuild:documentStatistics</aspect>
				<aspect>cmdbuild:taggable</aspect>
				<aspect>cmdbuild:summary</aspect>
			</mandatory-aspects>
		</type>
		<type name="cmdbuild:Image">
			<title>Image</title>
			<mandatory-aspects>
				<aspect>cmdbuild:displayable</aspect>
				<aspect>cmdbuild:taggable</aspect>
				<aspect>cmdbuild:imageFormat</aspect>
				<aspect>cmdbuild:creationDateTime</aspect>
			</mandatory-aspects>
		</type>
    </types>
    <aspects>
        <aspect name="cmdbuild:SuperAspect">
            <title>SuperAspect</title>
            <properties/>
            <associations/>
            <overrides/>
            <mandatory-aspects/>
        </aspect>
        <aspect name="cmdbuild:foo">
            <title>Foo</title>
            <description>foo</description>
            <properties>
                <property name="cmdbuild:fooText">
                    <title>Text</title>
                    <type>d:text</type>
                    <mandatory>false</mandatory>
                    <index enabled="true">
                        <tokenised>TRUE</tokenised>
                        <facetable>false</facetable>
                    </index>
                </property>
            </properties>
            <associations/>
            <overrides/>
            <mandatory-aspects/>
        </aspect>
    </aspects>
</model>