<?xml version="1.0" encoding="UTF-8"?>
<model xmlns="http://www.alfresco.org/model/dictionary/1.0" name="cmdbuild:cmdbuildModel">
    <description>cmdbuild model example</description>
    <author>GallyamovRD</author>
    <imports>
        <import uri="http://www.alfresco.org/model/content/1.0" prefix="cm"/>
        <import uri="http://www.alfresco.org/model/dictionary/1.0" prefix="d"/>
    </imports>
    <namespaces>
        <namespace uri="http://www.umpo.ru/model/cmdbuildModel/1.0" prefix="cmdbuild"/>
    </namespaces>
    <data-types/>
    <constraints/>
    <types>
        <type name="cmdbuild:SuperType">
            <title>CMDBuild SuperType</title>
            <parent>cm:content</parent>
            <properties/>
            <associations/>
            <overrides/>
            <mandatory-aspects/>
        </type>
        <type name="cmdbuild:aType">
            <title>A type</title>
            <parent>cm:content</parent>
            <properties/>
            <associations/>
            <overrides/>
            <mandatory-aspects/>
        </type>
    </types>
    <aspects>
        <aspect name="cmdbuild:classifiable">
            <title>Classification</title>
            <properties>
                <property name="cmdbuild:classification">
                    <type>d:text</type>
                    <mandatory>false</mandatory>
                    <index enabled="true">
                        <tokenised>TRUE</tokenised>
                        <facetable>false</facetable>
                    </index>
                </property>
            </properties>
            <associations/>
            <overrides/>
            <mandatory-aspects/>
        </aspect>
    </aspects>
</model>